x,y,yaw,v
13.5019,1099.9993,1.0474,0.0000
14.0128,1100.8828,1.0470,2.9954
14.5565,1101.8223,1.0468,4.3191
15.1313,1102.8157,1.0466,5.3466
15.6503,1103.7123,1.0464,6.0084
16.2106,1104.6792,1.0461,6.6179
16.7650,1105.6355,1.0457,7.1554
17.2943,1106.5481,1.0455,7.6292
17.8880,1107.5695,1.0481,7.7958
18.4715,1108.5798,1.0530,7.7414
19.0474,1109.5901,1.0529,7.7472
19.6523,1110.6486,1.0525,8.1967
20.1650,1111.5448,1.0521,8.6692
20.6988,1112.4781,1.0519,9.0781
21.2596,1113.4579,1.0517,9.4780
21.8528,1114.4940,1.0513,9.8817
22.4664,1115.5663,1.0512,10.2796
23.1030,1116.6783,1.0513,10.6786
23.6049,1117.5547,1.0579,11.0071
24.1247,1118.4785,1.0598,11.3321
24.6421,1119.4042,1.0599,11.5974
25.1753,1120.3560,1.0602,11.9279
25.7349,1121.3538,1.0603,12.2549
26.2943,1122.3513,1.0601,12.5154
26.8878,1123.4099,1.0599,12.8393
27.4798,1124.4655,1.0598,13.1651
28.0871,1125.5476,1.0596,13.4260
28.7202,1126.6747,1.0594,13.7535
29.3648,1127.8209,1.0593,14.0844
30.0248,1128.9940,1.0590,14.3534
30.6942,1130.1849,1.0587,14.6782
31.3804,1131.4062,1.0582,14.9940
32.0835,1132.6577,1.0580,15.3082
32.5738,1133.5297,1.0580,15.4978
33.0692,1134.4098,1.0581,15.6887
33.5724,1135.3037,1.0581,15.8810
34.0855,1136.2153,1.0582,16.1414
34.5819,1137.0972,1.0582,16.3376
35.1023,1138.0214,1.0581,16.5356
35.6332,1138.9639,1.0581,16.7341
36.1699,1139.9160,1.0581,16.9310
36.7194,1140.8912,1.0580,17.1897
37.2741,1141.8752,1.0578,17.3791
37.8449,1142.8882,1.0576,17.5628
38.4067,1143.8864,1.0572,17.7900
38.9640,1144.8763,1.0567,17.9711
39.5457,1145.9089,1.0567,18.1619
40.1333,1146.9513,1.0568,18.3586
40.7469,1148.0388,1.0570,18.6344
41.3267,1149.0654,1.0571,18.8433
41.9309,1150.1342,1.0571,19.0411
42.5455,1151.2213,1.0570,19.2360
43.1655,1152.3180,1.0568,19.4898
43.7926,1153.4277,1.0567,19.6794
44.4410,1154.5752,1.0565,19.8710
45.0801,1155.7062,1.0564,20.0651
45.7265,1156.8497,1.0563,20.3263
46.3938,1158.0303,1.0563,20.5233
47.0522,1159.1945,1.0562,20.7193
47.7255,1160.3849,1.0561,20.9778
48.4104,1161.5955,1.0560,21.1705
49.0942,1162.8046,1.0560,21.3625
49.7736,1164.0059,1.0559,21.5515
50.4782,1165.2517,1.0559,21.8046
51.1953,1166.5198,1.0559,21.9974
51.9013,1167.7675,1.0560,22.1949
52.6178,1169.0331,1.0560,22.3906
53.3549,1170.3350,1.0559,22.5770
54.0917,1171.6357,1.0559,22.5438
54.8399,1172.9567,1.0560,22.5112
55.5602,1174.2290,1.0560,22.4684
56.2936,1175.5244,1.0560,22.4372
57.0056,1176.7825,1.0559,22.4059
57.7339,1178.0692,1.0560,22.3642
58.4661,1179.3628,1.0560,22.3328
59.2062,1180.6721,1.0628,22.2954
59.8989,1181.9028,1.0807,22.2508
60.6163,1183.2198,1.0915,22.1929
61.2811,1184.4874,1.0937,22.1600
61.9679,1185.8182,1.0941,22.1274
62.5940,1187.0347,1.0941,22.0887
63.2728,1188.3574,1.0939,22.0420
63.9253,1189.6254,1.0937,22.0065
64.9048,1191.5239,1.0936,21.9520
65.5585,1192.7883,1.0937,21.9192
66.2263,1194.0793,1.0936,21.8755
66.9059,1195.3928,1.0936,21.8430
67.5552,1196.6482,1.0936,21.8109
68.2279,1197.9489,1.0936,21.9270
68.9028,1199.2538,1.0936,21.9702
69.5645,1200.5333,1.0937,21.9410
70.2405,1201.8403,1.0937,21.9102
70.8971,1203.1096,1.0937,21.8694
71.5518,1204.3750,1.0937,21.8387
72.2382,1205.7017,1.0936,21.8075
72.8805,1206.9425,1.0936,21.7635
73.5477,1208.2317,1.0935,21.7319
74.2241,1209.5386,1.0935,21.6932
74.8987,1210.8419,1.0936,21.6476
75.5680,1212.1322,1.0936,21.6136
76.2368,1213.4230,1.0935,21.7279
76.8941,1214.6936,1.0929,21.9778
77.5662,1215.9917,1.0926,22.1663
78.2655,1217.3417,1.0925,22.3560
78.9370,1218.6360,1.0925,22.6116
79.6267,1219.9658,1.0925,22.8113
80.3270,1221.3153,1.0924,23.0199
81.0610,1222.7297,1.0922,23.2828
81.7434,1224.0444,1.0921,23.4698
82.5660,1225.6300,1.0919,23.7143
83.2107,1226.8722,1.0919,23.8964
83.8930,1228.1868,1.0919,23.9393
84.6228,1229.5920,1.0920,23.9025
85.3621,1231.0151,1.0921,23.8686
86.1033,1232.4418,1.0922,23.8246
86.8518,1233.8828,1.0923,23.7920
87.5907,1235.3062,1.0924,23.7480
88.3181,1236.7087,1.0925,23.7140
89.0365,1238.0950,1.0925,23.6794
89.7345,1239.4427,1.0925,23.6438
90.4768,1240.8762,1.0925,23.5971
91.1875,1242.2488,1.0925,23.5632
91.8863,1243.5972,1.0925,23.5305
92.6056,1244.9845,1.0924,23.4885
93.3223,1246.3655,1.0924,23.4575
94.0420,1247.7516,1.0924,23.4258
94.7584,1249.1316,1.0925,23.3825
95.4711,1250.5051,1.0925,23.3494
96.1880,1251.8877,1.0925,23.3160
96.8881,1253.2383,1.0925,23.2721
97.5924,1254.5967,1.0925,23.2400
98.3004,1255.9622,1.0925,23.2084
99.0218,1257.3540,1.0926,23.1773
99.7263,1258.7137,1.0926,23.1353
100.4205,1260.0532,1.0925,23.1026
101.1310,1261.4238,1.0925,23.0693
101.8169,1262.7458,1.0925,23.0241
102.5213,1264.1035,1.0925,22.9892
103.2280,1265.4658,1.0925,22.9545
103.9469,1266.8523,1.0925,22.9069
104.6269,1268.1641,1.0925,22.8717
105.3311,1269.5225,1.0925,22.8361
106.0229,1270.8573,1.0925,22.7894
106.7135,1272.1901,1.0925,22.7548
107.4074,1273.5303,1.0935,22.7194
108.1075,1274.8824,1.1063,22.6593
108.7869,1276.2146,1.1280,22.6130
109.4375,1277.5424,1.1415,22.5724
110.0677,1278.8947,1.1455,22.5334
110.6656,1280.2085,1.1463,22.4841
111.2718,1281.5532,1.1465,22.4516
111.8766,1282.8984,1.1463,22.4210
112.4859,1284.2506,1.1463,22.3790
113.0909,1285.5903,1.1463,22.3470
113.6984,1286.9341,1.1464,22.3133
114.3080,1288.2826,1.1465,22.2797
114.9332,1289.6663,1.1464,22.2335
115.5399,1291.0094,1.1465,22.1975
116.1371,1292.3314,1.1466,22.1644
116.7460,1293.6797,1.1467,22.1214
117.3453,1295.0071,1.1467,22.0894
117.9521,1296.3512,1.1466,22.0575
118.5312,1297.6343,1.1467,22.0146
119.1315,1298.9644,1.1467,21.9829
119.7261,1300.2832,1.1532,21.9442
120.3165,1301.5996,1.1722,21.8989
120.8942,1302.9275,1.1910,21.8389
121.4371,1304.2463,1.1991,21.8016
121.9693,1305.5984,1.2011,21.7660
122.5158,1307.0093,1.2013,21.7230
123.0141,1308.3032,1.2013,21.6896
123.5170,1309.6077,1.2024,21.6563
124.0341,1310.9490,1.2157,21.5995
124.5222,1312.2413,1.2392,21.5421
125.0079,1313.5917,1.2680,21.4928
125.4512,1314.9187,1.2877,21.4493
125.8611,1316.2717,1.2946,21.3974
126.2570,1317.6533,1.2961,21.3599
126.6223,1318.9591,1.3052,21.3167
126.9917,1320.2990,1.3283,21.2506
127.3399,1321.6571,1.3584,21.1958
127.6656,1323.0277,1.3880,21.1528
127.9428,1324.3568,1.4063,21.1087
128.1906,1325.7532,1.4118,21.0560
128.4019,1327.0649,1.4127,21.0174
128.6179,1328.4312,1.4127,20.9843
128.8306,1329.7887,1.4125,20.9501
129.0436,1331.1450,1.4124,20.9025
129.2487,1332.4413,1.4124,20.8677
129.4634,1333.7908,1.4125,20.8328
129.6775,1335.1353,1.4125,20.7989
129.8940,1336.4949,1.4125,20.7552
130.0980,1337.7780,1.4125,20.7239
130.3092,1339.1089,1.4125,20.6916
130.5242,1340.4592,1.4125,20.6589
130.7301,1341.7544,1.4125,20.6158
130.9474,1343.1183,1.4124,20.5834
131.1606,1344.4550,1.4123,20.5506
131.3675,1345.7549,1.4137,20.5174
131.5746,1347.0520,1.4263,20.4588
131.7751,1348.3734,1.4504,20.3988
131.9547,1349.6975,1.4783,20.3503
132.0965,1350.9924,1.4947,20.3037
132.2099,1352.3496,1.4994,20.2506
132.3040,1353.6421,1.5004,20.2126
132.3952,1354.9608,1.5005,20.1799
132.4858,1356.2802,1.5004,20.1398
132.5780,1357.6062,1.5003,20.1093
132.6679,1358.8906,1.5003,20.0793
132.7604,1360.2057,1.5003,20.0490
132.8516,1361.4998,1.5003,20.0078
132.9443,1362.8163,1.5003,19.9769
133.0319,1364.0592,1.5003,19.9459
133.1201,1365.3201,1.5084,19.9073
133.2043,1366.5548,1.5177,19.8696
133.2771,1367.8523,1.5198,19.8279
133.3397,1369.0769,1.5200,19.7971
133.4035,1370.3597,1.5201,19.7666
133.4663,1371.6260,1.5200,19.7365
133.5294,1372.8831,1.5200,19.7065
133.5928,1374.1356,1.5199,19.6769
133.6586,1375.4237,1.5199,19.6372
133.7231,1376.6798,1.5199,19.6076
133.7903,1377.9886,1.5198,19.5775
133.8522,1379.1953,1.5198,19.5478
133.9174,1380.4788,1.5214,19.5036
133.9831,1381.7642,1.5342,19.4639
134.0373,1382.9773,1.5525,19.4208
134.0719,1384.1873,1.5632,19.3842
134.0858,1385.4186,1.5656,19.3531
134.0916,1386.6995,1.5658,19.3126
134.0956,1387.9778,1.5658,19.2818
134.0995,1389.1285,1.5657,19.2507
134.1049,1390.3672,1.5656,19.2194
134.1112,1391.6057,1.5656,19.1879
134.1181,1392.8743,1.5657,19.1455
134.1247,1394.0618,1.5657,19.1136
134.1312,1395.3033,1.5657,19.0817
134.1374,1396.5334,1.5657,19.0496
134.1432,1397.7278,1.5656,19.1556
134.1493,1398.9744,1.5657,19.4005
134.1553,1400.2078,1.5658,19.5904
134.1614,1401.4712,1.5659,19.7837
134.1677,1402.7682,1.5659,19.9790
134.1739,1404.0541,1.5659,20.2446
134.1802,1405.3544,1.5659,20.4419
134.1868,1406.6774,1.5660,20.6340
134.1933,1408.0181,1.5660,20.6802
134.1998,1409.3490,1.5660,20.6470
134.2059,1410.6215,1.5660,20.6138
134.2121,1411.9406,1.5660,20.5707
134.2184,1413.2539,1.5660,20.5387
134.2247,1414.6145,1.5659,20.5075
134.2307,1415.8862,1.5660,20.4763
134.2369,1417.1862,1.5660,20.4453
134.2432,1418.5278,1.5660,20.4042
134.2494,1419.8352,1.5660,20.3734
134.2557,1421.1570,1.5660,20.3424
134.2619,1422.4867,1.5659,20.3113
134.2678,1423.7531,1.5660,20.5438
134.2740,1425.0735,1.5661,20.7243
134.2800,1426.4053,1.5661,20.9139
134.2860,1427.8379,1.5661,21.1038
134.2933,1429.1615,1.5663,21.3460
134.2989,1430.5111,1.5665,21.5372
134.3073,1431.9060,1.5665,21.7352
134.3136,1433.3407,1.5666,21.9323
134.3188,1434.6963,1.5665,22.1392
134.3262,1436.6661,1.5666,22.4580
134.3320,1438.1230,1.5667,22.6505
134.3380,1439.6034,1.5669,22.8429
134.3440,1441.0831,1.5670,23.0330
134.3500,1442.5944,1.5670,23.2220
134.3556,1444.0681,1.5669,23.1878
134.3615,1445.5457,1.5669,23.1535
134.3677,1447.0623,1.5669,23.1193
134.3738,1448.5635,1.5669,23.0745
134.3799,1450.0538,1.5669,23.0412
134.3859,1451.5288,1.5668,23.0077
134.3919,1453.0060,1.5668,22.9743
134.3975,1454.4655,1.5667,22.9407
134.4043,1455.9337,1.5666,22.8943
134.4108,1457.4307,1.5668,22.8586
134.4172,1458.9092,1.5671,22.8230
134.4221,1460.3848,1.5671,22.7886
134.4268,1461.8522,1.5671,22.7449
134.4315,1463.3126,1.5671,22.7122
134.4363,1464.7480,1.5670,22.6801
134.4415,1466.2234,1.5671,22.7897
134.4470,1467.7147,1.5672,22.9815
134.4525,1469.1852,1.5673,23.2317
134.4581,1470.7006,1.5674,23.2770
134.4636,1472.2024,1.5674,23.2437
134.4692,1473.7651,1.5674,23.2089
134.4743,1475.2256,1.5674,23.1635
134.4794,1476.7047,1.5674,23.1300
134.4845,1478.1837,1.5673,23.0965
134.4897,1479.6895,1.5673,23.0631
134.4948,1481.1836,1.5674,23.0297
134.5000,1482.7021,1.5674,22.9853
134.5048,1484.1434,1.5674,22.9521
134.5098,1485.6440,1.5674,22.9190
134.5151,1487.1084,1.5666,22.8855
134.5202,1488.5908,1.5590,22.8353
134.5326,1490.0688,1.5542,22.8000
134.5549,1491.5486,1.5535,22.7674
134.5802,1493.0024,1.5534,22.7352
134.6074,1494.5094,1.5534,22.6924
134.6336,1495.9590,1.5534,22.6603
134.6593,1497.4127,1.5534,22.6283
134.6855,1498.9143,1.5534,22.5963
134.7109,1500.3871,1.5534,22.5534
134.7355,1501.8101,1.5534,22.5208
134.7616,1503.3164,1.5534,22.4884
134.7861,1504.7294,1.5534,22.4562
134.8114,1506.1946,1.5534,22.4131
134.8367,1507.6552,1.5534,22.3753
134.8615,1509.0787,1.5534,22.3399
134.8867,1510.5262,1.5534,22.3085
134.9113,1511.9397,1.5534,22.2767
134.9370,1513.4133,1.5534,22.2342
134.9614,1514.8135,1.5533,22.2023
134.9865,1516.2544,1.5532,22.1707
135.0121,1517.7119,1.5531,22.1391
135.0408,1519.3422,1.5532,22.0969
135.0603,1520.4501,1.5532,22.0652
135.0853,1521.8728,1.5532,22.0334
135.1107,1523.3246,1.5532,22.0016
135.1350,1524.7107,1.5532,21.9698
135.1594,1526.0985,1.5532,21.9380
135.1846,1527.5269,1.5532,21.8954
135.2095,1528.9425,1.5532,21.8635
135.2342,1530.3528,1.5533,21.8316
135.2585,1531.7407,1.5533,21.7998
135.2830,1533.1416,1.5534,21.7576
135.3067,1534.5029,1.5534,21.7260
135.3309,1535.8955,1.5534,21.6947
135.3558,1537.3247,1.5534,21.6633
135.3798,1538.7021,1.5534,21.6322
135.4038,1540.0835,1.5534,21.5907
135.4284,1541.4924,1.5534,21.5596
135.4529,1542.9012,1.5534,21.5286
135.4767,1544.2668,1.5534,21.4977
135.5009,1545.6614,1.5533,21.4565
135.5254,1547.0687,1.5533,21.4256
135.5487,1548.4080,1.5533,21.3947
135.5728,1549.7930,1.5533,21.3638
135.5968,1551.1718,1.5533,21.3330
135.6200,1552.4995,1.5534,20.6038
135.6426,1553.8018,1.5534,20.0889
135.6653,1555.1061,1.5534,19.5562
135.6870,1556.3564,1.5534,18.9949
135.7078,1557.5543,1.5535,18.7983
135.7288,1558.7670,1.5535,18.4841
135.7502,1560.0088,1.5535,17.8886
135.7700,1561.1573,1.5535,17.3831
135.7895,1562.2906,1.5534,17.0800
135.8080,1563.3689,1.5534,16.5175
135.8265,1564.4412,1.5533,16.2666
135.8447,1565.4976,1.5533,15.8869
135.8626,1566.5269,1.5533,15.1578
135.8868,1567.9242,1.5533,14.8487
135.9099,1569.2551,1.5533,13.9408
135.9332,1570.5963,1.5534,13.7411
135.9545,1571.8231,1.5534,12.9622
135.9751,1573.0098,1.5534,12.7976
135.9953,1574.1696,1.5534,11.9698
136.0150,1575.2970,1.5535,11.7649
136.0340,1576.3918,1.5535,11.1192
136.0520,1577.4302,1.5536,11.0704
136.0696,1578.4441,1.5535,10.1363
136.0907,1579.6667,1.5535,9.6734
136.1102,1580.7896,1.5535,8.9994
136.1292,1581.8892,1.5534,8.9520
136.1482,1582.9934,1.5535,8.9048
136.1668,1584.0760,1.5535,9.0015
136.1863,1585.2064,1.5536,9.3291
136.2057,1586.3434,1.5536,9.2704
136.2249,1587.4600,1.5523,9.2197
136.2445,1588.6084,1.5377,9.1609
136.2830,1589.7144,1.5333,9.1095
136.3273,1590.8186,1.5333,9.0609
136.3686,1591.9169,1.5333,9.0124
136.4093,1593.0165,1.5333,8.9639
136.4539,1594.2063,1.5334,9.4069
136.4970,1595.3517,1.5334,9.8038
136.5436,1596.5924,1.5321,10.2115
136.5914,1597.8558,1.5155,10.2336
136.6605,1599.1058,1.5047,10.1781
136.7468,1600.3530,1.5046,10.1297
136.8298,1601.5931,1.5045,10.0818
136.9119,1602.8396,1.5046,10.0255
136.9931,1604.0686,1.5046,9.9763
137.0766,1605.3264,1.5046,9.9266
137.1570,1606.5376,1.5045,9.8765
137.2388,1607.7719,1.5045,9.8184
137.3185,1608.9736,1.5045,9.7692
137.3978,1610.1685,1.5045,9.7212
137.4782,1611.3800,1.5045,9.6738
137.5578,1612.5785,1.5045,9.6270
137.6391,1613.8020,1.5045,9.5723
137.7171,1614.9775,1.5045,9.5252
137.7960,1616.1658,1.5045,9.4776
137.8760,1617.3711,1.5045,9.4219
137.9544,1618.5490,1.5072,9.4166
138.0306,1619.7407,1.5194,9.4553
138.0905,1620.9366,1.5344,9.5137
138.1314,1622.1360,1.5511,9.5999
138.1521,1623.3621,1.5686,9.6841
138.1512,1624.5669,1.5853,9.7755
138.1299,1625.7836,1.6011,9.8874
138.0888,1627.0231,1.6158,9.9857
138.0292,1628.2773,1.6298,10.0837
137.9512,1629.5496,1.6438,10.1795
137.8564,1630.8097,1.6566,10.2728
137.7413,1632.1144,1.6697,10.3766
137.5760,1633.7214,1.6867,10.4885
137.4579,1634.7316,1.6980,10.5417
137.3276,1635.7458,1.7099,10.6045
137.1830,1636.7743,1.7227,10.6642
137.0227,1637.8153,1.7361,10.7201
136.8500,1638.8452,1.7499,10.7724
136.6618,1639.8793,1.7642,10.8231
136.4563,1640.9229,1.7787,10.8707
136.1950,1642.1458,1.7960,10.9132
135.9010,1643.4137,1.8140,10.9621
135.6331,1644.4878,1.8295,10.9980
135.3630,1645.5049,1.8448,11.0306
135.0612,1646.5760,1.8623,11.0611
134.7557,1647.5933,1.8795,11.0896
134.4185,1648.6470,1.8980,11.1159
134.0667,1649.6802,1.9167,11.1401
133.6993,1650.6959,1.9354,11.1628
133.3084,1651.7170,1.9540,11.1838
132.8684,1652.8027,1.9737,11.2031
132.4570,1653.7664,1.9908,11.2208
132.0190,1654.7446,2.0077,11.2338
131.5470,1655.7521,2.0242,11.2490
131.0552,1656.7579,2.0397,11.2640
130.5498,1657.7527,2.0540,11.2798
130.0256,1658.7485,2.0671,11.2983
129.4851,1659.7437,2.0795,11.3220
128.9382,1660.7222,2.0909,11.3507
128.3768,1661.7004,2.1017,11.3841
127.8048,1662.6733,2.1122,11.4211
127.2363,1663.6177,2.1224,11.4603
126.6279,1664.6050,2.1331,11.5009
126.0317,1665.5500,2.1435,11.5426
125.4043,1666.5215,2.1548,11.5846
124.7704,1667.4797,2.1668,11.6263
124.1219,1668.4348,2.1796,11.6674
123.4529,1669.3931,2.1933,11.7080
122.7592,1670.3579,2.2072,11.7477
122.0665,1671.2938,2.2212,11.7859
121.3613,1672.2197,2.2356,11.8230
120.6411,1673.1372,2.2503,11.8583
119.8953,1674.0588,2.2654,11.8916
119.1463,1674.9564,2.2806,11.9149
118.3663,1675.8624,2.2960,11.9354
117.5870,1676.7404,2.3111,11.8705
116.7910,1677.6115,2.3264,11.7894
115.9932,1678.4583,2.3412,11.7102
115.2019,1679.2734,2.3550,11.6220
114.3975,1680.0796,2.3686,11.5252
113.5894,1680.8676,2.3821,11.4268
112.7657,1681.6494,2.3955,11.3297
111.9351,1682.4167,2.4089,11.2380
111.1432,1683.1296,2.4216,11.1538
110.3127,1683.8574,2.4346,11.0779
109.4849,1684.5645,2.4473,11.0107
108.6503,1685.2588,2.4597,10.9558
107.8183,1685.9337,2.4715,10.9276
106.9768,1686.5994,2.4829,10.8945
106.0031,1687.3510,2.4960,10.8446
104.9953,1688.1080,2.5095,10.7945
104.1077,1688.7572,2.5216,10.7722
103.2608,1689.3613,2.5331,10.7428
102.3665,1689.9835,2.5455,10.7137
101.4773,1690.5862,2.5582,10.6912
100.5790,1691.1782,2.5713,10.6698
99.6760,1691.7568,2.5845,10.6423
98.7781,1692.3157,2.5977,10.6152
97.8575,1692.8718,2.6116,10.6089
96.9532,1693.4011,2.6256,10.5928
96.0431,1693.9170,2.6401,10.5665
95.1282,1694.4182,2.6551,10.5598
94.2024,1694.9073,2.6706,10.5525
93.2696,1695.3813,2.6862,10.5448
92.2997,1695.8550,2.7022,10.5375
91.3542,1696.2983,2.7168,10.5308
90.3868,1696.7346,2.7307,10.5239
89.4304,1697.1497,2.7436,10.5166
88.4399,1697.5647,2.7560,10.5099
87.1752,1698.0742,2.7704,10.5018
86.2007,1698.4525,2.7804,10.4954
85.2372,1698.8157,2.7891,10.4897
84.2445,1699.1802,2.7974,10.4842
83.2567,1699.5337,2.8048,10.4793
82.2985,1699.8689,2.8113,10.4750
81.2986,1700.2111,2.8166,10.4705
80.3398,1700.5338,2.8209,10.4657
79.3488,1700.8628,2.8241,10.4611
78.3502,1701.1907,2.8259,10.4561
77.3614,1701.5133,2.8252,10.4510
76.3744,1701.8362,2.8229,10.4462
75.3966,1702.1586,2.8177,10.4407
74.4160,1702.4878,2.8105,10.4358
73.4437,1702.8225,2.8007,10.4312
72.4774,1703.1655,2.7876,10.4267
71.5035,1703.5258,2.7724,10.4236
70.5235,1703.9061,2.7553,10.4216
69.5584,1704.2997,2.7370,10.4210
68.6259,1704.7000,2.7178,10.4215
67.6638,1705.1354,2.6970,10.4232
66.7395,1705.5773,2.6765,10.4258
65.8122,1706.0444,2.6556,10.4293
64.8845,1706.5364,2.6344,10.4330
63.9784,1707.0417,2.6133,10.4368
63.0715,1707.5726,2.5915,10.4409
62.1667,1708.1295,2.5694,10.4453
61.2815,1708.7014,2.5481,10.4504
60.4270,1709.2800,2.5272,10.4550
59.5771,1709.8813,2.5054,10.4595
58.7201,1710.5164,2.4842,10.4663
57.9031,1711.1492,2.4648,10.4722
57.0825,1711.8107,2.4453,10.4781
56.2754,1712.4875,2.4261,10.4841
55.4805,1713.1804,2.4073,10.4905
54.6957,1713.8911,2.3887,10.4976
53.9370,1714.6038,2.3707,10.5055
53.1894,1715.3320,2.3528,10.5135
52.4525,1716.0759,2.3345,10.5219
51.7235,1716.8391,2.3160,10.5312
51.0063,1717.6187,2.2976,10.5420
50.3005,1718.4147,2.2789,10.5542
49.6104,1719.2229,2.2604,10.5678
48.9521,1720.0229,2.2426,10.5822
48.2943,1720.8525,2.2243,10.5973
47.6494,1721.6975,2.2057,10.6123
47.0138,1722.5632,2.1868,10.6273
46.4127,1723.4150,2.1685,10.6418
45.8206,1724.2877,2.1502,10.6555
45.2343,1725.1870,2.1315,10.6683
44.6620,1726.1018,2.1127,10.6803
44.1240,1726.9982,2.0946,10.6914
43.5928,1727.9203,2.0763,10.7016
43.0862,1728.8384,2.0582,10.7109
42.5803,1729.7958,2.0394,10.7194
42.1064,1730.7349,2.0211,10.7273
41.6426,1731.6974,2.0027,10.7347
41.1927,1732.6774,1.9847,10.7415
40.7571,1733.6733,1.9669,10.7478
40.3503,1734.6493,1.9497,10.7527
39.9528,1735.6514,1.9318,10.7573
39.5777,1736.6482,1.9142,10.7612
39.2190,1737.6559,1.8970,10.7643
38.8754,1738.6766,1.8801,10.7671
38.5548,1739.6848,1.8636,10.7688
38.2446,1740.7183,1.8467,10.7699
37.9564,1741.7402,1.8293,10.7704
37.6815,1742.7839,1.8109,10.7708
37.4254,1743.8345,1.7916,10.7710
37.1888,1744.8943,1.7718,10.7713
36.9667,1745.9932,1.7508,10.7716
36.7385,1747.2708,1.7264,10.7725
36.5757,1748.3158,1.7067,10.7734
36.4382,1749.3276,1.6885,10.7742
36.3170,1750.3622,1.6706,10.7756
36.2152,1751.3896,1.6539,10.7771
36.1321,1752.3979,1.6387,10.7798
36.0619,1753.4456,1.6239,10.7861
36.0091,1754.4612,1.6116,10.7950
35.9684,1755.4937,1.6006,10.8109
35.9386,1756.5356,1.5908,10.8355
35.9187,1757.5947,1.5829,10.8711
35.9072,1758.6394,1.5774,10.9090
35.9014,1759.6741,1.5735,10.9679
35.8993,1760.7150,1.5705,11.0420
35.9001,1761.7817,1.5686,11.1320
35.9028,1762.8412,1.5677,11.2157
35.9066,1763.9216,1.5676,11.3314
35.9105,1764.9993,1.5678,11.4587
35.9142,1766.0874,1.5684,11.5876
35.9173,1767.1818,1.5692,11.6769
35.9195,1768.2903,1.5701,11.7550
35.9205,1769.4183,1.5711,11.7945
35.9202,1770.5100,1.5721,11.7940
35.9188,1771.6152,1.5731,11.7356
35.9164,1772.7034,1.5739,11.6468
35.9132,1773.7662,1.5745,11.5314
35.9094,1774.8389,1.5751,11.4274
35.9050,1775.8975,1.5756,11.2872
35.8999,1776.9731,1.5759,11.1423
35.8949,1777.9832,1.5761,11.0246
35.8896,1779.0154,1.5762,10.8762
35.8842,1780.0330,1.5763,10.7272
35.8788,1781.0377,1.5764,10.6079
35.8719,1782.3328,1.5763,10.4287
35.8654,1783.5830,1.5762,10.2191
35.8593,1784.8054,1.5762,10.0395
35.8532,1786.0305,1.5761,9.8599
35.8473,1787.2102,1.5761,9.6799
35.8414,1788.3763,1.5761,9.4994
35.8354,1789.5321,1.5761,9.3186
35.8299,1790.6499,1.5760,9.1382
35.8247,1791.7283,1.5759,8.9580
35.8198,1792.8074,1.5759,8.7780
35.8150,1793.8776,1.5759,8.5978
35.8104,1794.9014,1.5759,8.4187
35.8059,1795.9026,1.5759,8.2401
35.8003,1797.1146,1.5759,8.0008
35.7954,1798.1461,1.5760,7.8215
35.7900,1799.2207,1.5759,7.6125
35.7844,1800.3276,1.5759,7.3734
35.7790,1801.4159,1.5758,7.1647
35.7738,1802.4597,1.5757,6.9560
35.7687,1803.4865,1.5757,6.7177
35.7630,1804.6667,1.5756,6.4509
35.7578,1805.7712,1.5755,6.1963
35.7527,1806.8540,1.5755,5.9686
35.7477,1807.8940,1.5754,5.8384
35.7428,1808.9351,1.5755,5.8130
35.7381,1809.9409,1.5754,5.7593
35.7329,1811.0647,1.5754,5.7670
35.7280,1812.1632,1.5750,5.7625
35.7241,1813.1873,1.5745,5.7430
35.7210,1814.2075,1.5741,5.7450
35.7182,1815.2438,1.5740,5.7421
35.7152,1816.2764,1.5744,5.7380
35.7118,1817.2991,1.5752,5.7336
35.7073,1818.3414,1.5762,5.7297
35.7017,1819.3555,1.5774,5.7271
35.6947,1820.3923,1.5785,5.7254
35.6868,1821.4055,1.5795,5.7250
35.6776,1822.4329,1.5804,5.7251
35.6666,1823.4670,1.5741,5.7210
35.6675,1824.4846,1.5524,5.7200
35.6962,1825.5178,1.5163,5.7263
35.7661,1826.5498,1.4688,5.7374
35.8834,1827.5496,1.4161,5.7569
36.0615,1828.5826,1.3479,5.7622
36.3065,1829.5767,1.2673,5.7894
36.6426,1830.5693,1.1832,5.8170
37.0613,1831.5342,1.1002,5.8359
37.5573,1832.4606,1.0203,5.8537
38.1728,1833.4130,0.9412,5.8637
38.8573,1834.3123,0.8679,5.8611
39.5441,1835.0957,0.8080,5.8199
40.2896,1835.8507,0.7603,5.7938
41.0560,1836.5605,0.7266,5.7508
41.8324,1837.2386,0.7113,5.6757
42.6149,1837.9106,0.7216,5.6453
43.3722,1838.5848,0.7414,5.6400
44.1185,1839.2792,0.7673,5.6302
44.8388,1839.9863,0.7949,5.6225
45.5424,1840.7170,0.8235,5.6162
46.2648,1841.5137,0.8579,5.6117
46.9845,1842.3693,0.8975,5.6143
47.6958,1843.2896,0.9390,5.6203
48.2835,1844.1128,0.9728,5.6236
48.8409,1844.9504,1.0053,5.6198
49.3722,1845.8080,1.0570,5.6155
49.8522,1846.6936,1.1221,5.6390
50.2694,1847.6079,1.1964,5.6735
50.6186,1848.5549,1.2812,5.7199
50.8873,1849.5408,1.3676,5.7828
51.0735,1850.5625,1.4464,5.8404
51.1850,1851.6337,1.5233,5.8832
51.2139,1852.7798,1.6019,5.9348
51.1634,1853.8151,1.6666,5.9791
51.0448,1854.8668,1.7191,5.9994
50.8781,1855.8918,1.7583,5.9985
50.6697,1856.9324,1.7899,5.9480
50.4386,1857.9370,1.8362,5.9307
50.1516,1858.9429,1.9067,5.9402
49.7887,1859.9211,1.9864,5.9822
49.3341,1860.8939,2.0688,6.0238
48.8173,1861.8018,2.1416,6.0661
48.1953,1862.7306,2.2069,6.1133
47.5674,1863.5568,2.2613,6.1531
46.8581,1864.3918,2.3127,6.1827
46.1231,1865.1754,2.3607,6.1996
45.3325,1865.9408,2.4091,6.2133
44.5084,1866.6650,2.4553,6.2223
43.6434,1867.3567,2.4950,6.2311
42.7529,1868.0151,2.5133,6.2081
41.8701,1868.6537,2.5078,6.1792
40.9826,1869.3118,2.4718,6.1648
40.1384,1869.9962,2.4161,6.1586
39.3317,1870.7355,2.3469,6.1690
38.5890,1871.5204,2.2749,6.1959
37.8941,1872.3713,2.1986,6.2297
37.2727,1873.2639,2.1235,6.2682
36.7068,1874.2231,2.0501,6.2951
36.2137,1875.2158,1.9821,6.3196
35.7834,1876.2504,1.9185,6.3236
35.4266,1877.2822,1.8603,6.2659
35.1270,1878.3428,1.8041,6.1638
34.8941,1879.3770,1.7513,5.9560
34.7186,1880.3978,1.7020,5.7093
34.5859,1881.5154,1.6552,5.4573
34.5080,1882.6226,1.6195,5.3804
34.4670,1883.6951,1.5952,5.2858
34.4487,1884.7501,1.5775,5.1611
34.4472,1885.7793,1.5660,5.0325
34.4551,1886.7966,1.5593,4.9191
34.4706,1887.9231,1.5554,4.8136
34.4888,1889.0244,1.5537,4.7425
34.5080,1890.1160,1.5547,4.7053
34.5248,1891.1926,1.5572,4.6376
34.5384,1892.2610,1.5605,4.6078
34.5482,1893.3065,1.5636,4.5986
34.5550,1894.3612,1.5662,4.6007
34.5594,1895.4240,1.5681,4.5993
34.5618,1896.4873,1.5698,4.5974
34.5623,1897.5492,1.5713,4.5948
34.5615,1898.5925,1.5722,4.5927
34.5599,1899.6477,1.5723,4.5916
34.5592,1900.7062,1.5634,4.5906
34.5740,1901.7736,1.5433,4.5945
34.6137,1902.8240,1.5008,4.5901
34.7125,1903.8798,1.4322,4.6248
34.8899,1904.9290,1.3523,4.6650
35.1628,1905.9874,1.2593,4.7214
35.5390,1907.0227,1.1647,4.7695
36.0175,1908.0332,1.0672,4.7950
36.5906,1908.9875,0.9684,4.8156
37.2623,1909.8875,0.8610,4.8321
37.9419,1910.6218,0.7599,4.8573
38.6986,1911.2905,0.6450,4.8673
39.6381,1911.9292,0.5035,4.9119
40.5483,1912.3813,0.3806,4.9786
41.5104,1912.7236,0.2683,5.0138
42.5095,1912.9602,0.1750,5.0658
43.5571,1913.1146,0.1072,5.2809
44.6527,1913.2090,0.0553,5.5350
45.8133,1913.2539,0.0132,5.7481
46.8283,1913.2561,-0.0113,5.8578
47.8827,1913.2365,-0.0269,5.8314
48.8828,1913.2059,-0.0332,5.6799
49.8833,1913.1715,-0.0346,5.5527
51.0107,1913.1323,-0.0325,5.4785
52.1382,1913.0972,-0.0281,5.3846
53.2341,1913.0681,-0.0228,5.3278
54.3226,1913.0454,-0.0175,5.2861
55.3911,1913.0283,-0.0126,5.2451
56.4547,1913.0162,-0.0084,5.2425
57.5233,1913.0085,-0.0049,5.2392
58.5970,1913.0040,-0.0022,5.2331
59.6591,1913.0024,-0.0002,5.2257
60.7342,1913.0027,0.0013,5.2202
61.7940,1913.0042,0.0018,5.2161
62.8838,1913.0062,0.0006,5.2138
63.9207,1913.0060,-0.0040,5.2123
64.9851,1912.9991,-0.0140,5.2125
66.0407,1912.9791,-0.0315,5.2137
67.1035,1912.9365,-0.0578,5.2183
68.1623,1912.8630,-0.0929,5.2260
69.2351,1912.7469,-0.1386,5.2382
70.2794,1912.5819,-0.1945,5.2594
71.3224,1912.3525,-0.2579,5.2900
72.3631,1912.0511,-0.3297,5.3154
73.3811,1911.6742,-0.4098,5.3465
74.3654,1911.2144,-0.4942,5.3839
75.3128,1910.6686,-0.5822,5.4211
76.2081,1910.0411,-0.6716,5.4576
77.0643,1909.3171,-0.7638,5.4830
77.8439,1908.5247,-0.8558,5.4982
78.5580,1907.6498,-0.9494,5.5084
79.1867,1906.7128,-1.0407,5.5152
79.7210,1905.7384,-1.1266,5.5140
80.1793,1904.7020,-1.2101,5.5038
80.5487,1903.6393,-1.2877,5.4825
80.8345,1902.5583,-1.3575,5.4869
81.0471,1901.4578,-1.4180,5.5164
81.1965,1900.3411,-1.4678,5.5662
81.2961,1899.1890,-1.5096,5.6397
81.3466,1898.1809,-1.5374,5.7326
81.3723,1897.1478,-1.5588,5.8380
81.3783,1896.1133,-1.5738,5.9141
81.3704,1895.0344,-1.5838,5.9567
81.3540,1893.9880,-1.5885,5.9729
81.3327,1892.8438,-1.5897,5.9717
81.3135,1891.8306,-1.5885,5.9540
81.2952,1890.7800,-1.5861,5.9339
81.2796,1889.7148,-1.5830,5.9270
81.2677,1888.6678,-1.5798,5.9235
81.2592,1887.6005,-1.5766,5.9204
81.2540,1886.5343,-1.5737,5.9173
81.2517,1885.4578,-1.5713,5.9150
81.2518,1884.3932,-1.5694,5.9129
81.2537,1883.3188,-1.5680,5.9110
81.2570,1882.2589,-1.5670,5.9099
81.2612,1881.1648,-1.5663,5.9092
81.2659,1880.1055,-1.5659,5.9088
81.2710,1879.0333,-1.5659,5.9087
81.2761,1877.9585,-1.5662,5.9086
81.2804,1876.8623,-1.5626,5.9070
81.2912,1875.7871,-1.5513,5.9067
81.3165,1874.7162,-1.5310,5.9001
81.3674,1873.6294,-1.4877,5.8910
81.4684,1872.5767,-1.4248,5.9110
81.6435,1871.5203,-1.3558,5.9499
81.8989,1870.4482,-1.2828,5.9888
82.2433,1869.3663,-1.2039,6.0414
82.6364,1868.3971,-1.1315,6.0843
83.1309,1867.3982,-1.0591,6.1292
83.7034,1866.4220,-0.9891,6.1510
84.3164,1865.5226,-0.9224,6.1646
85.0144,1864.6350,-0.8565,6.1745
85.7630,1863.8005,-0.7976,6.1814
86.5662,1863.0023,-0.7454,6.1887
87.3896,1862.2617,-0.6998,6.1986
88.2713,1861.5375,-0.6579,6.2234
89.1697,1860.8584,-0.6216,6.2645
90.1536,1860.1691,-0.5843,6.3350
91.0809,1859.5671,-0.5514,6.4164
92.0617,1858.9756,-0.5202,6.5330
93.0933,1858.3953,-0.4898,6.6621
93.9939,1857.9214,-0.4621,6.7817
94.9241,1857.4651,-0.4331,6.8871
95.8837,1857.0291,-0.4043,7.0026
96.8678,1856.6152,-0.3753,7.0949
97.8706,1856.2271,-0.3384,7.1923
98.8855,1855.8785,-0.2944,7.2844
99.9511,1855.5684,-0.2451,7.3872
101.0475,1855.3081,-0.1949,7.4675
102.1526,1855.1027,-0.1471,7.5152
103.3052,1854.9443,-0.1029,7.5634
104.3920,1854.8416,-0.0675,7.5956
105.5261,1854.7732,-0.0359,7.6187
106.6740,1854.7397,-0.0099,7.6341
107.8309,1854.7350,0.0094,7.6590
108.9731,1854.7504,0.0209,7.6970
110.1193,1854.7770,0.0264,7.7596
111.3130,1854.8098,0.0287,7.8658
112.4968,1854.8444,0.0282,8.0030
113.7068,1854.8784,0.0285,8.1398
114.9403,1854.9138,0.0324,8.3056
115.9891,1854.9489,0.0338,8.4319
117.0068,1854.9838,0.0337,8.5574
118.0735,1855.0198,0.0320,8.6803
119.3665,1855.0603,0.0290,8.8195
120.4478,1855.0909,0.0262,8.9520
121.5541,1855.1195,0.0232,9.0607
122.6505,1855.1444,0.0206,9.1642
123.7557,1855.1672,0.0183,9.2620
124.8979,1855.1880,0.0158,9.3536
126.0480,1855.2064,0.0132,9.4397
127.2007,1855.2217,0.0106,9.5183
128.3837,1855.2341,0.0078,9.5906
129.5409,1855.2430,0.0050,9.6560
130.7196,1855.2489,0.0016,9.7150
131.9159,1855.2507,-0.0024,9.7672
133.1048,1855.2474,-0.0068,9.8201
134.3105,1855.2389,-0.0124,9.8598
135.5288,1855.2231,-0.0198,9.8943
136.7039,1855.1987,-0.0289,9.9239
137.9610,1855.1603,-0.0410,9.9495
139.1625,1855.1089,-0.0538,9.9723
140.3366,1855.0432,-0.0675,9.9920
141.6330,1854.9520,-0.0852,10.0107
142.8406,1854.8461,-0.1038,10.0253
144.0559,1854.7161,-0.1243,10.0380
145.2885,1854.5581,-0.1465,10.0493
146.5145,1854.3733,-0.1698,10.0590
147.7060,1854.1655,-0.1933,10.0674
148.8980,1853.9287,-0.2177,10.0748
150.0983,1853.6591,-0.2431,10.0815
151.2967,1853.3579,-0.2691,10.0879
152.4990,1853.0219,-0.2953,10.0942
153.6818,1852.6576,-0.3218,10.1010
154.8341,1852.2693,-0.3481,10.1067
156.0188,1851.8342,-0.3754,10.1117
157.1418,1851.3875,-0.4009,10.1159
158.2818,1850.8989,-0.4267,10.1194
159.4322,1850.3702,-0.4523,10.1229
160.5207,1849.8364,-0.4759,10.1270
161.6072,1849.2712,-0.4988,10.1326
162.6983,1848.6720,-0.5216,10.1396
163.7550,1848.0602,-0.5439,10.1488
164.8101,1847.4175,-0.5663,10.1635
165.8480,1846.7528,-0.5885,10.1805
166.8674,1846.0676,-0.6105,10.2012
167.8911,1845.3459,-0.6330,10.2257
168.8999,1844.6008,-0.6553,10.2529
169.9072,1843.8212,-0.6782,10.2812
170.8960,1843.0194,-0.7015,10.3097
171.8705,1842.1908,-0.7251,10.3376
172.8109,1841.3521,-0.7486,10.3692
173.5622,1840.6525,-0.7678,10.3867
174.4406,1839.7988,-0.7904,10.4117
175.3494,1838.8738,-0.8142,10.4407
176.2295,1837.9353,-0.8375,10.4631
177.1010,1836.9612,-0.8613,10.4843
177.7605,1836.1921,-0.8796,10.5022
178.5894,1835.1833,-0.9022,10.5235
179.3938,1834.1582,-0.9240,10.5448
180.1541,1833.1453,-0.9441,10.5679
180.9131,1832.0897,-0.9641,10.5931
181.4937,1831.2513,-0.9787,10.6173
182.2232,1830.1595,-0.9966,10.6502
182.7689,1829.3143,-1.0098,10.6824
183.3060,1828.4585,-1.0226,10.7198
183.8469,1827.5715,-1.0352,10.7629
184.3573,1826.7115,-1.0474,10.8004
184.8811,1825.8041,-1.0609,10.8513
185.3801,1824.9135,-1.0748,10.9058
185.8628,1824.0236,-1.0893,10.9509
186.3418,1823.1074,-1.1045,11.0110
186.8085,1822.1792,-1.1196,11.0799
187.2657,1821.2327,-1.1349,11.1440
187.7137,1820.2672,-1.1505,11.1925
188.1446,1819.2997,-1.1657,11.2457
188.5712,1818.3018,-1.1811,11.2946
188.9676,1817.3352,-1.1952,11.3339
189.3568,1816.3457,-1.2087,11.3821
189.7366,1815.3411,-1.2218,11.4301
190.1103,1814.3126,-1.2347,11.4786
190.4745,1813.2688,-1.2473,11.5189
190.8257,1812.2194,-1.2593,11.5721
191.1636,1811.1681,-1.2707,11.6284
191.4915,1810.1061,-1.2818,11.6896
191.8122,1809.0251,-1.2926,11.7574
192.1226,1807.9358,-1.3029,11.8167
192.4209,1806.8458,-1.3127,11.8948
192.7096,1805.7490,-1.3225,11.9766
192.9943,1804.6230,-1.3322,12.0610
193.2648,1803.5078,-1.3416,12.1293
193.5281,1802.3757,-1.3514,12.2147
193.7857,1801.2179,-1.3616,12.3003
194.0294,1800.0677,-1.3718,12.3854
194.2617,1798.9130,-1.3819,12.4689
194.4915,1797.7075,-1.3925,12.5348
194.7014,1796.5388,-1.4027,12.6156
194.9020,1795.3521,-1.4129,12.6939
195.0933,1794.1438,-1.4229,12.7701
195.2760,1792.9102,-1.4325,12.8432
195.4421,1791.7095,-1.4413,12.8990
195.5975,1790.5105,-1.4493,12.9669
195.7296,1789.4275,-1.4562,13.0190
195.8926,1787.9955,-1.4647,13.0933
196.0191,1786.8015,-1.4717,13.1405
196.1428,1785.5486,-1.4787,13.1969
196.2616,1784.2520,-1.4857,13.2499
196.3669,1783.0092,-1.4921,13.3000
196.4668,1781.7316,-1.4982,13.3473
196.5591,1780.4532,-1.5040,13.3840
196.6438,1779.1750,-1.5095,13.4268
196.7210,1777.9092,-1.5144,13.4671
196.7923,1776.6373,-1.5186,13.5054
196.8605,1775.3207,-1.5223,13.5345
196.9221,1774.0415,-1.5253,13.5687
196.9800,1772.7609,-1.5274,13.6026
197.0362,1771.4492,-1.5291,13.6476
197.0887,1770.1802,-1.5313,13.6911
197.1394,1768.8899,-1.5345,13.7577
197.1868,1767.5775,-1.5387,13.8343
197.2307,1766.2408,-1.5406,13.9127
197.2724,1764.7964,-1.5027,14.0040
197.3387,1763.6406,-1.4683,14.1203
197.4764,1762.2937,-1.4395,14.2554
197.6565,1760.9629,-1.4166,14.3559
197.8749,1759.5908,-1.3974,14.4606
198.1150,1758.2344,-1.3809,14.5543
198.3829,1756.8516,-1.3718,14.6341
198.6563,1755.5050,-1.3692,14.6937
198.9442,1754.1060,-1.3709,14.7661
199.2235,1752.7318,-1.3761,14.8375
199.5015,1751.3230,-1.3814,14.9151
199.6894,1750.3364,-1.3822,14.9512
199.9517,1748.9545,-1.3874,14.9923
200.2139,1747.5442,-1.4022,15.0154
200.3860,1746.5588,-1.4165,15.0236
200.6052,1745.1636,-1.4392,15.0251
200.7955,1743.7328,-1.4636,15.0033
200.9472,1742.3290,-1.4877,14.9700
201.0344,1741.3308,-1.5037,14.9337
201.1298,1739.9158,-1.5248,14.8855
201.1792,1738.9131,-1.5386,14.8462
201.2137,1737.9119,-1.5499,14.8308
201.2415,1736.5342,-1.5625,14.7833
201.2518,1735.1163,-1.5724,14.7369
201.2480,1733.7423,-1.5780,14.7001
201.2361,1732.3206,-1.5810,14.6542
201.2209,1730.9312,-1.5824,14.6086
201.2041,1729.5345,-1.5823,14.5631
201.1879,1728.1743,-1.5810,14.5267
201.1733,1726.7924,-1.5790,14.4811
201.1615,1725.4001,-1.5767,14.4537
201.1531,1724.0143,-1.5744,14.4281
201.1481,1722.6295,-1.5722,14.4048
201.1461,1721.2444,-1.5701,14.3659
201.1471,1719.8940,-1.5683,14.3403
201.1512,1718.3202,-1.5667,14.3229
201.1559,1717.1265,-1.5658,14.2900
201.1624,1715.8035,-1.5649,14.2765
201.1704,1714.4340,-1.5643,14.2637
201.1792,1713.0699,-1.5640,14.2437
201.1883,1711.7053,-1.5638,14.2214
201.1977,1710.3271,-1.5638,14.2133
201.2071,1708.9662,-1.5639,14.2012
201.2162,1707.5996,-1.5641,14.1886
201.2250,1706.2529,-1.5643,14.1760
201.2337,1704.8872,-1.5645,14.1634
201.2420,1703.5436,-1.5647,14.1535
201.2502,1702.1700,-1.5649,14.1414
201.2579,1700.8330,-1.5651,14.1298
201.2655,1699.4709,-1.5652,14.1188
201.2728,1698.1152,-1.5654,14.1083
201.2798,1696.7731,-1.5655,14.1003
201.2868,1695.3948,-1.5656,14.0907
201.2936,1694.0433,-1.5656,14.0817
201.3003,1692.7102,-1.5657,14.0733
201.3071,1691.3523,-1.5658,14.0654
201.3138,1689.9952,-1.5659,14.0595
201.3203,1688.6184,-1.5661,14.0526
201.3264,1687.2776,-1.5662,14.0461
201.3325,1685.9232,-1.5663,14.0402
201.3384,1684.5596,-1.5663,14.0347
201.3443,1683.1880,-1.5663,14.0295
201.3502,1681.8612,-1.5662,14.0259
201.3564,1680.4877,-1.5661,14.0217
201.3625,1679.1550,-1.5660,14.0178
201.3689,1677.8109,-1.5658,14.0142
201.3755,1676.4489,-1.5657,14.0111
201.3822,1675.1118,-1.5655,14.0087
201.3891,1673.7625,-1.5654,14.0059
201.3964,1672.3906,-1.5653,14.0033
201.4035,1671.0674,-1.5652,14.0011
201.4109,1669.7122,-1.5652,13.9992
201.4184,1668.3474,-1.5653,13.9976
201.4255,1667.0137,-1.5653,13.9965
201.4328,1665.6478,-1.5653,13.9953
201.4400,1664.2930,-1.5653,13.9941
201.4471,1662.9692,-1.5653,13.9930
201.4545,1661.6039,-1.5653,13.9920
201.4616,1660.2733,-1.5653,13.9911
201.4686,1658.9425,-1.5653,13.9901
201.4758,1657.6012,-1.5653,13.9890
201.4831,1656.2446,-1.5653,13.9880
201.4901,1654.9226,-1.5654,13.9869
201.4972,1653.5823,-1.5655,13.9861
201.5044,1652.1990,-1.5656,13.9854
201.5111,1650.8915,-1.5657,13.9846
201.5178,1649.5430,-1.5659,13.9842
201.5248,1648.0906,-1.5660,13.9841
201.5304,1646.8800,-1.5662,13.9844
201.5363,1645.5364,-1.5663,13.9867
201.5421,1644.1897,-1.5663,13.9854
201.5476,1642.8569,-1.5662,13.9865
201.5535,1641.5458,-1.5661,13.9894
201.5597,1640.1891,-1.5659,13.9897
201.5660,1638.8623,-1.5657,13.9902
201.5726,1637.5374,-1.5654,13.9905
201.5795,1636.2058,-1.5651,13.9904
201.5869,1634.8512,-1.5648,13.9901
201.5949,1633.4766,-1.5646,13.9897
201.6028,1632.1802,-1.5645,13.9890
201.6114,1630.8201,-1.5644,13.9884
201.6200,1629.4709,-1.5645,13.9877
201.6282,1628.1659,-1.5646,13.9874
201.6363,1626.8301,-1.5648,13.9871
201.6443,1625.4707,-1.5650,13.9870
201.6518,1624.1172,-1.5654,13.9868
201.6586,1622.8308,-1.5658,13.9867
201.6650,1621.4777,-1.5663,13.9865
201.6716,1619.9121,-1.5668,13.9861
201.6758,1618.7759,-1.5671,13.9857
201.6803,1617.4750,-1.5673,13.9853
201.6849,1616.1044,-1.5675,13.9851
201.6891,1614.7919,-1.5677,13.9850
201.6933,1613.4387,-1.5676,13.9851
201.6972,1612.1285,-1.5674,13.9853
201.7014,1610.8014,-1.5670,13.9854
201.7062,1609.4856,-1.5661,13.9856
201.7121,1608.1539,-1.5634,13.9859
201.7219,1606.8048,-1.5601,13.9863
201.7361,1605.4810,-1.5569,13.9866
201.7549,1604.1389,-1.5535,13.9870
201.7776,1602.8270,-1.5510,13.9875
201.8043,1601.4976,-1.5493,13.9881
201.8333,1600.1617,-1.5467,13.9923
201.8655,1598.8186,-1.5438,14.0093
201.9013,1597.4973,-1.5424,14.0370
201.9393,1596.1658,-1.5421,14.0731
201.9770,1594.8516,-1.5428,14.1056
202.0135,1593.5498,-1.5445,14.1530
202.0429,1592.4401,-1.5467,14.1934
202.0715,1591.2583,-1.5495,14.2363
202.1000,1589.9078,-1.5530,14.2927
202.1235,1588.5653,-1.5563,14.3391
202.1427,1587.2108,-1.5592,14.3980
202.1584,1585.8231,-1.5619,14.4575
202.1704,1584.4460,-1.5643,14.5172
202.1789,1583.0798,-1.5663,14.5644
202.1859,1581.2520,-1.5683,14.6450
202.1891,1579.8586,-1.5692,14.6902
202.1910,1578.4238,-1.5698,14.7453
202.1920,1577.0071,-1.5703,14.7985
202.1923,1575.5997,-1.5702,14.8495
202.1924,1574.5984,-1.5698,14.8788
202.1935,1573.1880,-1.5689,14.9260
202.1963,1571.8032,-1.5677,14.9720
202.1994,1570.7953,-1.5666,14.9987
202.2054,1569.3939,-1.5654,15.0422
202.2134,1567.9329,-1.5645,15.0758
202.2226,1566.4791,-1.5641,15.1163
202.2321,1565.0453,-1.5639,15.1545
202.2417,1563.6149,-1.5638,15.1913
202.2487,1562.5872,-1.5636,15.2122
202.2590,1561.1310,-1.5635,15.2456
202.2664,1560.1211,-1.5635,15.2648
202.2768,1558.6826,-1.5637,15.2955
202.2841,1557.6735,-1.5639,15.3135
202.2914,1556.6414,-1.5642,15.3368
202.3007,1555.2310,-1.5647,15.3589
202.3069,1554.2081,-1.5651,15.3747
202.3125,1553.2021,-1.5657,15.3949
202.3176,1552.1711,-1.5662,15.4089
202.3239,1550.7311,-1.5669,15.4314
202.3279,1549.7056,-1.5674,15.4441
202.3315,1548.6835,-1.5678,15.4564
202.3359,1547.2625,-1.5683,15.4770
202.3384,1546.2296,-1.5686,15.4885
202.3406,1545.1838,-1.5689,15.5031
202.3429,1543.7567,-1.5691,15.5168
202.3445,1542.7106,-1.5692,15.5299
202.3467,1541.2906,-1.5693,15.5423
202.3482,1540.2736,-1.5693,15.5508
202.3496,1539.2395,-1.5693,15.5618
202.3510,1538.2261,-1.5691,15.5693
202.3524,1537.1820,-1.5687,15.5756
202.3546,1536.1819,-1.5683,15.5858
202.3571,1535.1785,-1.5676,15.5928
202.3604,1534.1392,-1.5670,15.5995
202.3658,1532.7102,-1.5661,15.6105
202.3705,1531.6309,-1.5655,15.6164
202.3753,1530.6206,-1.5652,15.6217
202.3831,1529.1946,-1.5649,15.6298
202.3890,1528.1853,-1.5649,15.6343
202.3952,1527.1604,-1.5650,15.6389
202.4012,1526.1379,-1.5653,15.6448
202.4090,1524.7004,-1.5657,15.6502
202.4140,1523.6959,-1.5661,15.6555
202.4188,1522.6951,-1.5665,15.6594
202.4232,1521.6838,-1.5668,15.6631
202.4268,1520.6779,-1.5672,15.6661
202.4301,1519.6576,-1.5679,15.6692
202.4336,1518.2090,-1.5693,15.6740
202.4349,1517.1992,-1.5706,15.6767
202.4354,1516.1807,-1.5724,15.6805
202.4346,1515.1552,-1.5748,15.6831
202.4314,1514.1149,-1.5773,15.6859
202.4221,1512.6703,-1.5809,15.6902
202.4121,1511.6582,-1.5834,15.6924
202.3991,1510.6272,-1.5857,15.6945
202.3838,1509.6134,-1.5873,15.6964
202.3664,1508.5857,-1.5882,15.6986
202.3479,1507.5657,-1.5884,15.6949
202.3294,1506.5408,-1.5878,15.6993
202.3117,1505.5378,-1.5864,15.7028
202.2955,1504.5311,-1.5846,15.7099
202.2802,1503.5226,-1.5823,15.7088
202.2669,1502.5125,-1.5796,15.7064
202.2563,1501.4932,-1.5768,15.7054
202.2490,1500.4344,-1.5742,15.7045
202.2442,1498.9929,-1.5708,15.7039
202.2442,1497.9545,-1.5686,15.7061
202.2481,1496.5020,-1.5663,15.7116
202.2529,1495.4653,-1.5650,15.7198
202.2613,1494.0403,-1.5636,15.7296
202.2683,1493.0090,-1.5630,15.7379
202.2757,1492.0001,-1.5627,15.7499
202.2833,1490.9758,-1.5627,15.7593
202.2912,1489.9534,-1.5628,15.7690
202.3025,1488.4948,-1.5631,15.7858
202.3102,1487.4893,-1.5634,15.7962
202.3180,1486.4406,-1.5637,15.8067
202.3279,1485.0258,-1.5642,15.8245
202.3348,1483.9928,-1.5644,15.8349
202.3415,1482.9478,-1.5647,15.8456
202.3479,1481.9275,-1.5648,15.8562
202.3545,1480.9069,-1.5650,15.8718
202.3611,1479.8960,-1.5651,15.8840
202.3678,1478.8716,-1.5652,15.8966
202.3744,1477.8267,-1.5653,15.9101
202.3802,1476.7954,-1.5654,15.9282
202.3854,1475.7609,-1.5656,15.9413
202.3901,1474.7175,-1.5657,15.9537
202.3947,1473.6799,-1.5657,15.9656
202.4012,1472.2051,-1.5658,15.9837
202.4059,1471.1963,-1.5658,15.9939
202.4107,1470.1825,-1.5658,16.0035
202.4161,1469.0647,-1.5658,16.0158
202.4231,1467.6467,-1.5658,16.0274
202.4281,1466.6367,-1.5658,16.0357
202.4331,1465.6273,-1.5658,16.0437
202.4381,1464.5933,-1.5657,16.0539
202.4432,1463.5522,-1.5657,16.0611
202.4482,1462.5339,-1.5656,16.0681
202.4534,1461.4686,-1.5656,16.0747
202.4606,1460.0181,-1.5655,16.0849
202.4661,1458.9653,-1.5654,16.0908
202.4716,1457.9219,-1.5652,16.0963
202.4773,1456.8882,-1.5651,16.1035
202.4831,1455.8507,-1.5650,16.1087
202.4890,1454.8038,-1.5650,16.1137
202.4950,1453.7723,-1.5650,16.1187
202.5008,1452.7449,-1.5651,16.1253
202.5066,1451.7015,-1.5652,16.1303
202.5123,1450.6599,-1.5654,16.1352
202.5178,1449.6115,-1.5655,16.1399
202.5228,1448.5970,-1.5656,16.1445
202.5278,1447.5422,-1.5658,16.1501
202.5325,1446.4729,-1.5659,16.1540
202.5369,1445.4237,-1.5660,16.1577
202.5413,1444.3599,-1.5660,16.1608
202.5454,1443.3507,-1.5659,16.1642
202.5498,1442.3245,-1.5659,16.1665
202.5543,1441.2809,-1.5658,16.1680
202.5588,1440.2434,-1.5657,16.1683
202.5638,1439.1489,-1.5655,16.1667
202.5687,1438.1226,-1.5654,16.1646
202.5744,1436.9478,-1.5652,16.1616
202.5815,1435.5698,-1.5651,16.1545
202.5870,1434.5166,-1.5650,16.1495
202.5927,1433.4518,-1.5649,16.1439
202.5985,1432.3743,-1.5649,16.1358
202.6041,1431.3419,-1.5649,16.1295
202.6099,1430.2997,-1.5650,16.1229
202.6156,1429.2456,-1.5651,16.1161
202.6212,1428.1782,-1.5652,16.1069
202.6266,1427.1350,-1.5653,16.1000
202.6320,1426.0706,-1.5655,16.0930
202.6372,1425.0028,-1.5657,16.0859
202.6420,1423.9873,-1.5658,16.0768
202.6468,1422.9246,-1.5660,16.0700
202.6514,1421.8774,-1.5661,16.0633
202.6560,1420.8025,-1.5662,16.0566
202.6603,1419.7625,-1.5663,16.0479
202.6645,1418.7236,-1.5664,16.0417
202.6685,1417.7006,-1.5664,16.0356
202.6726,1416.6584,-1.5665,16.0295
202.6768,1415.6005,-1.5665,16.0218
202.6807,1414.5690,-1.5665,16.0162
202.6848,1413.5197,-1.5664,16.0108
202.6888,1412.4934,-1.5664,16.0056
202.6928,1411.4685,-1.5664,15.9989
202.6969,1410.4146,-1.5663,15.9941
202.7010,1409.3684,-1.5662,15.9893
202.7052,1408.3373,-1.5661,15.9848
202.7096,1407.2863,-1.5659,15.9790
202.7141,1406.2581,-1.5656,15.9749
202.7189,1405.2133,-1.5652,15.9709
202.7243,1404.1503,-1.5650,15.9658
202.7296,1403.1311,-1.5649,15.9621
202.7354,1402.0706,-1.5648,15.9586
202.7411,1401.0479,-1.5649,15.9552
202.7469,1399.9792,-1.5650,15.9510
202.7524,1398.9554,-1.5651,15.9480
202.7578,1397.9119,-1.5653,15.9451
202.7632,1396.8425,-1.5654,15.9423
202.7683,1395.7960,-1.5656,15.9388
202.7732,1394.7493,-1.5657,15.9363
202.7780,1393.6855,-1.5658,15.9339
202.7826,1392.6367,-1.5658,15.9309
202.7870,1391.6270,-1.5659,15.9285
202.7914,1390.6073,-1.5659,15.9264
202.7957,1389.6010,-1.5658,15.9243
202.8004,1388.5336,-1.5658,15.9222
202.8049,1387.4952,-1.5657,15.9196
202.8095,1386.4581,-1.5656,15.9176
202.8164,1384.9614,-1.5654,15.9144
202.8212,1383.9525,-1.5653,15.9125
202.8286,1382.4272,-1.5651,15.9094
202.8361,1380.9659,-1.5649,15.9068
202.8416,1379.9253,-1.5647,15.9047
202.8473,1378.9022,-1.5643,15.9033
202.8561,1377.4331,-1.5637,15.9014
202.8626,1376.4213,-1.5632,15.8997
202.8699,1375.3818,-1.5627,15.8985
202.8775,1374.3601,-1.5622,15.8975
202.8856,1373.3446,-1.5618,15.8965
202.8945,1372.2891,-1.5614,15.8953
202.9034,1371.2773,-1.5611,15.8946
202.9130,1370.2334,-1.5608,15.8938
202.9226,1369.2173,-1.5605,15.8932
202.9330,1368.1624,-1.5603,15.8926
202.9476,1366.7085,-1.5595,15.8920
202.9585,1365.6827,-1.5584,15.8916
202.9704,1364.6407,-1.5560,15.8918
202.9839,1363.6141,-1.5511,15.8915
203.0015,1362.5891,-1.5444,15.8898
203.0267,1361.5198,-1.5364,15.8885
203.0587,1360.5057,-1.5282,15.8870
203.0999,1359.4795,-1.5195,15.8861
203.1498,1358.4587,-1.5110,15.8857
203.2091,1357.4338,-1.5032,15.8857
203.2778,1356.4103,-1.4937,15.8756
203.3554,1355.3433,-1.4736,15.8792
203.4508,1354.2858,-1.4536,15.8906
203.5625,1353.2731,-1.4353,15.9005
203.6945,1352.2645,-1.4194,15.9176
203.8489,1351.2299,-1.4063,15.9315
204.0243,1350.1647,-1.3964,15.9422
204.2002,1349.1628,-1.3887,15.9525
204.3850,1348.1575,-1.3834,15.9598
204.5803,1347.1277,-1.3811,15.9675
204.7836,1346.0717,-1.3816,15.9753
204.9794,1345.0527,-1.3835,15.9854
205.1750,1344.0253,-1.3883,15.9928
205.3675,1342.9899,-1.3947,15.9996
205.5518,1341.9617,-1.4017,16.0068
205.7342,1340.8997,-1.4103,16.0161
205.8981,1339.8972,-1.4194,16.0229
206.0561,1338.8733,-1.4294,16.0297
206.2099,1337.8068,-1.4397,16.0232
206.3450,1336.7931,-1.4485,15.9911
206.4755,1335.7437,-1.4587,15.9588
206.5925,1334.7250,-1.4696,15.9279
206.7007,1333.6888,-1.4812,15.8524
206.8331,1332.2306,-1.4984,15.7549
206.9100,1331.2300,-1.5101,15.6703
206.9758,1330.2196,-1.5211,15.5573
207.0291,1329.2136,-1.5309,15.4778
207.0869,1327.7960,-1.5426,15.3700
207.1165,1326.7948,-1.5489,15.2614
207.1470,1325.3691,-1.5540,15.1553
207.1684,1323.9700,-1.5542,15.0167
207.1889,1322.5693,-1.5513,14.8603
207.2133,1321.1663,-1.5441,14.7088
207.2461,1319.8110,-1.5344,14.5819
207.2928,1318.4236,-1.5223,14.4105
207.3541,1317.0970,-1.5083,14.2263
207.4308,1315.7567,-1.4744,14.1013
207.5437,1314.4415,-1.4387,13.9725
207.7045,1313.1664,-1.4176,13.8370
207.9018,1311.8704,-1.4042,13.7287
208.0759,1310.8309,-1.3982,13.6420
208.2692,1309.7249,-1.3946,13.5587
208.4934,1308.4707,-1.3953,13.4468
208.7140,1307.2352,-1.4008,13.3304
208.9252,1306.0157,-1.4096,13.2422
209.1254,1304.7947,-1.4204,13.1456
209.3087,1303.5935,-1.4319,13.0597
209.4784,1302.3888,-1.4442,12.9970
209.6349,1301.1718,-1.4573,12.9713
209.7695,1300.0022,-1.4697,12.9640
209.8918,1298.7979,-1.4821,12.9872
210.0024,1297.5432,-1.4963,13.0275
210.0923,1296.3224,-1.5106,13.0875
210.1658,1295.0884,-1.5258,13.1672
210.2210,1293.8502,-1.5408,13.2452
210.2578,1292.5907,-1.5548,13.3596
210.2765,1291.3484,-1.5668,13.4828
210.2800,1290.0742,-1.5777,13.5797
210.2694,1288.8037,-1.5875,13.6984
210.2477,1287.5394,-1.6071,13.8454
210.2007,1286.2372,-1.6285,13.9660
210.1248,1284.9507,-1.6478,14.1066
210.0188,1283.6156,-1.6650,14.2294
209.8935,1282.3176,-1.6801,14.3209
209.7409,1280.9504,-1.6931,14.4282
209.5778,1279.6344,-1.7032,14.5229
209.3956,1278.2776,-1.7110,14.5952
209.2038,1276.9268,-1.7165,14.6848
209.0019,1275.5562,-1.7256,14.7750
208.7920,1274.2059,-1.7350,14.8539
208.5669,1272.8508,-1.7393,14.9430
208.3342,1271.4937,-1.7393,15.0085
208.0977,1270.1162,-1.7347,15.0887
207.8687,1268.7416,-1.7269,15.1685
207.6462,1267.3306,-1.7180,15.2428
207.4355,1265.9038,-1.7090,15.3345
207.2927,1264.8833,-1.7026,15.3808
207.1492,1263.8059,-1.6959,15.4371
206.9833,1262.4902,-1.6879,15.4925
206.8626,1261.4761,-1.6821,15.5472
206.7491,1260.4708,-1.6767,15.5876
206.6416,1259.4694,-1.6717,15.6275
206.4948,1258.0164,-1.6654,15.6918
206.3986,1257.0078,-1.6615,15.7291
206.3053,1255.9893,-1.6579,15.7656
206.2146,1254.9580,-1.6544,15.8016
206.1288,1253.9429,-1.6511,15.8482
206.0445,1252.9031,-1.6480,15.8820
205.9662,1251.9001,-1.6454,15.9156
205.8875,1250.8557,-1.6430,15.9481
205.8141,1249.8455,-1.6412,15.9902
205.7416,1248.8207,-1.6399,16.0208
205.6701,1247.7896,-1.6390,16.0504
205.5985,1246.7413,-1.6383,16.0790
205.5291,1245.7192,-1.6378,16.1068
205.4604,1244.6971,-1.6371,16.1422
205.3896,1243.6383,-1.6352,16.1677
205.3235,1242.6299,-1.6319,16.1920
205.2591,1241.6064,-1.6273,16.2154
205.1971,1240.5449,-1.6218,16.2382
205.1434,1239.5334,-1.6156,16.2672
205.0925,1238.4423,-1.6081,16.2882
205.0513,1237.3943,-1.6007,16.3090
205.0192,1236.3905,-1.5937,16.3297
204.9929,1235.3214,-1.5865,16.3564
204.9755,1234.3097,-1.5806,16.3762
204.9641,1233.2505,-1.5753,16.3950
204.9585,1232.1970,-1.5708,16.4131
204.9578,1231.1537,-1.5669,16.4312
204.9612,1230.0946,-1.5634,16.4508
204.9683,1229.0442,-1.5608,16.4833
204.9786,1227.9703,-1.5591,16.5126
204.9907,1226.9155,-1.5581,16.5466
205.0039,1225.8564,-1.5577,16.5837
205.0177,1224.7932,-1.5575,16.6250
205.0320,1223.7094,-1.5576,16.6856
205.0457,1222.6576,-1.5582,16.7344
205.0594,1221.5721,-1.5590,16.7857
205.0722,1220.4875,-1.5599,16.8385
205.0844,1219.3549,-1.5609,16.9122
205.0950,1218.2772,-1.5617,16.9695
205.1046,1217.1907,-1.5625,17.0273
205.1134,1216.1047,-1.5632,17.0863
205.1216,1214.9961,-1.5639,17.1461
205.1289,1213.9188,-1.5645,17.2268
205.1357,1212.7977,-1.5650,17.2874
205.1422,1211.6752,-1.5654,17.3484
205.1479,1210.5898,-1.5657,17.4091
205.1534,1209.4850,-1.5660,17.4694
205.1587,1208.3461,-1.5662,17.5479
205.1636,1207.2336,-1.5663,17.6056
205.1685,1206.0912,-1.5665,17.6621
205.1739,1204.7815,-1.5665,17.7360
205.1801,1203.2910,-1.5663,17.8079
205.1849,1202.1304,-1.5661,17.8605
205.1899,1201.0135,-1.5657,17.9120
205.1954,1199.8591,-1.5652,17.9790
205.2015,1198.7024,-1.5646,18.0282
205.2085,1197.5076,-1.5639,18.0762
205.2161,1196.3413,-1.5632,18.1231
205.2242,1195.1974,-1.5628,18.1689
205.2332,1194.0393,-1.5626,18.2268
205.2426,1192.8563,-1.5627,18.2678
205.2520,1191.6836,-1.5629,18.3061
205.2612,1190.4966,-1.5634,18.3416
205.2696,1189.3590,-1.5640,18.3747
205.2776,1188.1582,-1.5645,18.4155
205.2849,1186.9756,-1.5649,18.4442
205.2915,1185.8054,-1.5651,18.4707
205.2979,1184.6079,-1.5652,18.4953
205.3041,1183.4105,-1.5654,18.5259
205.3101,1182.2607,-1.5655,18.5475
205.3163,1181.0345,-1.5657,18.5675
205.3217,1179.9075,-1.5660,18.5863
205.3272,1178.7252,-1.5664,18.6038
205.3324,1177.5001,-1.5668,18.6204
205.3370,1176.2839,-1.5672,18.6410
205.3410,1175.1211,-1.5679,18.6555
205.3445,1173.8987,-1.5693,18.6692
205.3465,1172.6995,-1.5718,18.6818
205.3460,1171.5146,-1.5754,18.6878
205.3416,1170.3302,-1.5796,18.6402
205.3318,1169.1180,-1.5843,18.5862
205.3126,1167.6564,-1.5890,18.5030
205.2864,1166.2449,-1.5918,18.4078
205.2605,1165.0754,-1.5925,18.3305
205.2333,1163.8979,-1.5919,18.2488
205.2065,1162.7467,-1.5900,18.1635
205.1814,1161.5984,-1.5872,18.0699
205.1586,1160.4152,-1.5837,17.9425
205.1404,1159.2646,-1.5802,17.8497
205.1262,1158.0894,-1.5768,17.7576
205.1165,1156.9397,-1.5742,17.6696
205.1112,1155.8461,-1.5722,17.5570
205.1084,1154.7198,-1.5706,17.4697
205.1075,1153.5742,-1.5692,17.3795
205.1086,1152.4399,-1.5679,17.2881
205.1110,1151.3641,-1.5668,17.1962
205.1146,1150.2444,-1.5658,17.0606
205.1191,1149.1653,-1.5647,16.9614
205.1246,1148.0671,-1.5639,16.8700
205.1306,1146.9968,-1.5631,16.7822
205.1373,1145.9369,-1.5625,16.7035
205.1487,1144.4170,-1.5620,16.5834
205.1573,1143.3763,-1.5617,16.5012
205.1665,1142.2742,-1.5605,16.3877
205.1759,1141.2417,-1.5594,16.3045
205.1867,1140.1836,-1.5584,16.2210
205.1981,1139.1482,-1.5575,16.1373
205.2099,1138.1300,-1.5564,16.0464
205.2228,1137.0879,-1.5543,15.9252
205.2431,1135.6429,-1.5498,15.7989
205.2609,1134.6235,-1.5462,15.7054
205.2932,1133.1833,-1.5419,15.5592
205.3210,1132.1586,-1.5392,15.4707
205.3650,1130.7356,-1.5370,15.3199
205.4137,1129.2979,-1.5374,15.1682
205.4621,1127.8739,-1.5410,15.0441
205.5041,1126.5031,-1.5466,14.8828
205.5377,1125.1437,-1.5532,14.7304
205.5606,1123.7761,-1.5373,14.5289
205.5855,1122.4352,-1.4905,14.3892
205.6670,1121.1187,-1.4492,14.2879
205.8080,1119.8264,-1.4166,14.1493
205.9994,1118.5298,-1.3933,14.0085
206.2246,1117.2483,-1.3774,13.8960
206.4744,1115.9656,-1.3680,13.7779
206.7336,1114.7024,-1.3634,13.6526
206.9956,1113.4567,-1.3655,13.5423
207.2568,1112.2047,-1.3732,13.3852
207.4974,1111.0100,-1.3861,13.2238
207.7309,1109.7747,-1.4021,13.0855
207.9286,1108.6034,-1.4069,13.0597
208.1191,1107.4324,-1.4162,13.0669
208.3040,1106.2416,-1.4337,13.0723
208.4735,1105.0176,-1.4589,13.0875
208.6114,1103.8036,-1.4894,13.0109
208.7102,1102.6438,-1.5237,12.9166
208.7728,1101.4412,-1.5623,12.8055
208.7894,1100.2728,-1.5996,12.7202
208.7608,1099.1039,-1.6348,12.6176
208.6918,1097.9611,-1.6667,12.5212
208.5836,1096.8140,-1.6953,12.4503
208.4415,1095.6755,-1.7194,12.3664
208.2715,1094.5490,-1.7393,12.3103
208.0796,1093.4377,-1.7561,12.2463
207.8616,1092.2952,-1.7698,12.1811
207.6369,1091.1985,-1.7803,12.1276
207.4052,1090.1246,-1.7884,12.0621
207.1613,1089.0354,-1.7953,12.0002
206.9182,1087.9813,-1.8016,11.9533
206.6586,1086.8866,-1.8087,11.8994
206.3997,1085.8269,-1.8167,11.8828
206.1276,1084.7512,-1.8259,11.8431
205.8543,1083.7107,-1.8355,11.8042
205.5683,1082.6660,-1.8452,11.7738
205.2684,1081.6119,-1.8549,11.7537
204.9592,1080.5631,-1.8646,11.7229
204.6412,1079.5219,-1.8745,11.6850
204.3250,1078.5205,-1.8839,11.6434
203.9930,1077.5032,-1.8931,11.6028
203.6403,1076.4554,-1.9019,11.5474
203.2933,1075.4532,-1.9101,11.4902
202.9373,1074.4508,-1.9191,11.4451
202.5707,1073.4467,-1.9288,11.3922
202.2032,1072.4691,-1.9384,11.3427
201.8161,1071.4703,-1.9479,11.3068
201.4154,1070.4650,-1.9567,11.2658
200.9205,1069.2587,-1.9661,11.2202
200.5142,1068.2891,-1.9648,11.1620
200.1148,1067.3605,-1.9281,11.1065
199.7502,1066.4210,-1.9029,11.1168
199.4126,1065.4427,-1.8893,11.1136
199.0889,1064.4553,-1.8815,11.1054
198.7744,1063.4758,-1.8769,11.0931
198.4645,1062.5005,-1.8776,11.0810
198.1556,1061.5308,-1.8827,11.0662
197.8435,1060.5708,-1.8906,11.0539
197.5174,1059.5925,-1.9036,11.0382
197.1855,1058.6371,-1.9206,11.0245
196.8317,1057.6733,-1.9419,11.0146
196.4594,1056.7229,-1.9672,11.0032
196.0592,1055.7715,-1.9965,10.9994
195.6353,1054.8448,-2.0186,10.9989
195.0462,1053.6433,-2.0487,10.9911
194.4438,1052.4967,-2.0905,10.9776
193.9338,1051.6074,-2.1322,10.9749
193.3837,1050.7335,-2.1801,10.9844
192.6167,1049.6506,-2.2449,11.0181
191.9791,1048.8567,-2.2833,11.0571
191.3049,1048.0850,-2.3110,11.0905
190.5914,1047.3157,-2.3222,11.1274
189.8777,1046.5636,-2.3194,11.1534
189.1651,1045.8048,-2.3104,11.2087
188.4541,1045.0291,-2.3002,11.2745
187.7371,1044.2286,-2.2900,11.3161
187.0387,1043.4336,-2.2809,11.3771
186.3340,1042.6169,-2.2742,11.4428
185.6227,1041.7815,-2.2698,11.5116
184.9108,1040.9375,-2.2681,11.5679
184.2054,1040.0989,-2.2689,11.6401
183.4861,1039.2451,-2.2720,11.7131
182.7160,1038.3379,-2.2771,11.7865
181.9552,1037.4518,-2.2842,11.8588
181.2968,1036.6946,-2.2923,11.9161
180.5573,1035.8590,-2.3028,11.9873
179.7838,1035.0048,-2.3148,12.0436
178.8764,1034.0292,-2.3291,12.1337
177.9764,1033.0897,-2.3438,12.2125
177.1660,1032.2676,-2.3576,12.2983
176.3409,1031.4531,-2.3720,12.3746
175.4897,1030.6370,-2.3864,12.4253
174.6294,1029.8350,-2.4005,12.4897
173.7556,1029.0425,-2.4144,12.5543
172.8671,1028.2578,-2.4281,12.6190
171.9772,1027.4929,-2.4414,12.6713
171.0519,1026.7179,-2.4547,12.7398
170.1477,1025.9800,-2.4670,12.8198
169.1986,1025.2253,-2.4790,12.8836
168.2209,1024.4658,-2.4909,12.9478
167.2766,1023.7494,-2.5024,13.0189
166.2778,1023.0093,-2.5144,13.0760
165.2630,1022.2760,-2.5263,13.1472
164.2269,1021.5457,-2.5383,13.2185
163.2090,1020.8461,-2.5497,13.2943
162.1476,1020.1346,-2.5613,13.3609
161.1079,1019.4552,-2.5723,13.4546
160.0262,1018.7657,-2.5834,13.5498
158.8213,1018.0173,-2.5953,13.6395
157.7898,1017.3923,-2.6050,13.7039
156.6710,1016.7296,-2.6146,13.7838
155.5631,1016.0875,-2.6233,13.8618
154.4245,1015.4402,-2.6313,13.9415
153.3066,1014.8164,-2.6379,14.0069
152.1278,1014.1688,-2.6438,14.0923
150.9740,1013.5434,-2.6484,14.1838
149.4478,1012.7266,-2.6534,14.3008
148.2966,1012.1162,-2.6560,14.3823
147.0853,1011.4775,-2.6575,14.4879
145.8687,1010.8375,-2.6577,14.5976
144.6543,1010.1980,-2.6573,14.6880
143.4335,1009.5538,-2.6565,14.8018
142.2250,1008.9147,-2.6555,14.9175
140.9656,1008.2472,-2.6544,15.0112
139.7279,1007.5900,-2.6533,15.1273
138.4761,1006.9236,-2.6524,15.2436
137.5838,1006.4474,-2.6518,15.3145
136.3746,1005.7997,-2.6512,15.4166
135.4855,1005.3221,-2.6511,15.5295
134.2143,1004.6375,-2.6512,15.6495
133.1516,1004.0651,-2.6510,15.7718
132.0327,1003.4630,-2.6506,15.8845
131.1218,1002.9731,-2.6502,15.9329
130.2097,1002.4827,-2.6499,15.9709
128.9321,1001.7952,-2.6502,15.8978
128.0173,1001.3030,-2.6508,15.8048
127.1111,1000.8164,-2.6512,15.7355
126.2144,1000.3356,-2.6513,15.6592
125.3087,999.8504,-2.6513,15.5790
124.0385,999.1708,-2.6512,15.4370
122.7745,998.4941,-2.6510,15.2887
121.5352,997.8301,-2.6509,15.1709
120.6516,997.3561,-2.6509,15.0533
119.4059,996.6877,-2.6510,14.9349
118.1847,996.0323,-2.6510,14.7911
116.9548,995.3719,-2.6509,14.6457
115.7669,994.7336,-2.6507,14.5266
114.5621,994.0857,-2.6505,14.3787
113.4064,993.4639,-2.6501,14.2326
112.2288,992.8292,-2.6496,14.1150
111.0909,992.2147,-2.6492,13.9652
109.9834,991.6158,-2.6491,13.8137
108.8482,991.0014,-2.6494,13.6901
107.7277,990.3966,-2.6496,13.5428
106.8198,989.9077,-2.6495,13.4244
105.8431,989.3824,-2.6494,13.3029
104.7536,988.7963,-2.6492,13.1801
103.6538,988.2035,-2.6492,13.0247
102.5788,987.6229,-2.6492,12.8704
101.5203,987.0503,-2.6494,12.7167
100.4752,986.4845,-2.6497,12.5918
99.4322,985.9200,-2.6499,12.4423
98.4133,985.3690,-2.6503,12.2994
97.3737,984.8075,-2.6508,12.1616
96.3718,984.2673,-2.6515,12.0637
95.4067,983.7488,-2.6522,11.9544
94.4243,983.2229,-2.6525,11.8717
93.4284,982.6913,-2.6526,11.8497
92.4459,982.1667,-2.6527,11.7951
91.4748,981.6477,-2.6529,11.7270
90.5294,981.1420,-2.6531,11.6677
89.5506,980.6183,-2.6533,11.5912
88.5668,980.0922,-2.6533,11.5153
87.6050,979.5782,-2.6534,11.4397
86.6260,979.0556,-2.6533,11.3619
85.6164,978.5175,-2.6533,11.2822
84.4360,977.8889,-2.6530,11.1902
83.5236,977.4031,-2.6528,11.1317
82.5765,976.8983,-2.6526,11.0631
81.6381,976.3975,-2.6524,10.9999
80.7039,975.8984,-2.6522,10.9424
79.8007,975.4153,-2.6520,10.8965
78.8845,974.9250,-2.6518,10.8531
77.9576,974.4285,-2.6515,10.8209
77.0683,973.9515,-2.6512,10.7912
76.1573,973.4620,-2.6510,10.7667
75.2610,972.9797,-2.6509,10.7364
74.3556,972.4916,-2.6509,10.7090
73.2094,971.8724,-2.6512,10.6830
72.3293,971.3972,-2.6519,10.6663
71.4276,970.9111,-2.6530,10.6541
70.2954,970.3036,-2.6541,10.6456
69.4004,969.8252,-2.6547,10.6432
68.2484,969.2104,-2.6560,10.6459
67.3636,968.7391,-2.6577,10.6510
66.3295,968.1908,-2.6607,10.6465
65.3095,967.6543,-2.6652,10.6379
64.4173,967.1909,-2.6702,10.6230
63.5226,966.7336,-2.6763,10.6333
62.6237,966.2822,-2.6833,10.6313
61.6957,965.8253,-2.6917,10.6263
60.5050,965.2548,-2.7036,10.6211
59.3276,964.7086,-2.7180,10.6121
58.4063,964.2961,-2.7313,10.6039
57.2099,963.7827,-2.7500,10.5871
56.2787,963.4015,-2.7653,10.5669
55.3443,963.0352,-2.7797,10.5616
54.1170,962.5773,-2.7971,10.5555
52.8845,962.1401,-2.8159,10.5490
51.9336,961.8200,-2.8321,10.5403
50.9719,961.5131,-2.8490,10.5323
50.0004,961.2213,-2.8665,10.5257
48.7466,960.8719,-2.8893,10.5203
47.4987,960.5541,-2.9122,10.5182
46.5242,960.3268,-2.9306,10.5191
45.2744,960.0631,-2.9546,10.5222
44.0275,959.8317,-2.9785,10.5265
42.7689,959.6289,-3.0018,10.5338
41.4759,959.4526,-3.0249,10.5381
40.1814,959.3058,-3.0482,10.5431
38.8868,959.1890,-3.0717,10.5482
37.5980,959.1032,-3.0951,10.5525
36.3408,959.0483,-3.1184,10.5569
35.0550,959.0229,3.1403,10.5577
33.7450,959.0293,3.1146,10.5593
32.4506,959.0692,3.0897,10.5616
31.1677,959.1415,3.0656,10.5614
30.1689,959.2186,3.0474,10.5638
28.9076,959.3427,3.0252,10.5694
27.6173,959.4990,3.0032,10.5717
26.3189,959.6849,2.9807,10.5706
25.3258,959.8469,2.9633,10.5630
24.0804,960.0751,2.9412,10.5147
22.8208,960.3358,2.9178,10.4594
21.5922,960.6198,2.8944,10.4057
20.3839,960.9293,2.8721,10.3521
19.1496,961.2754,2.8501,10.2952
17.9537,961.6388,2.8281,10.2407
16.8062,962.0139,2.8064,10.1872
15.7697,962.3779,2.7866,10.1299
14.7667,962.7523,2.7676,10.1031
13.6240,963.2057,2.7463,10.0661
12.4904,963.6833,2.7251,10.0474
11.3802,964.1776,2.7038,10.0169
10.2999,964.6872,2.6820,9.9937
9.2124,965.2286,2.6597,9.9816
8.1066,965.8123,2.6382,9.9705
7.0398,966.4059,2.6175,9.9564
5.9787,967.0245,2.5957,9.9447
4.9228,967.6723,2.5737,9.9342
3.9137,968.3234,2.5538,9.9209
2.9165,968.9943,2.5349,9.9071
1.8942,969.7090,2.5169,9.8944
0.9174,970.4174,2.5005,9.8870
-0.0622,971.1526,2.4838,9.8812
-1.0187,971.8959,2.4669,9.8786
-1.9769,972.6686,2.4501,9.8763
-2.8947,973.4357,2.4337,9.8336
-3.8189,974.2333,2.4163,9.7818
-4.7113,975.0297,2.3990,9.7195
-5.5946,975.8462,2.3817,9.6609
-6.4490,976.6632,2.3639,9.6018
-7.2687,977.4746,2.3447,9.5376
-8.0807,978.3105,2.3246,9.4746
-8.8669,979.1533,2.3048,9.4139
-9.6538,980.0308,2.2848,9.3804
-10.3984,980.8937,2.2661,9.3211
-11.1274,981.7709,2.2476,9.2885
-11.8312,982.6511,2.2302,9.2640
-12.5240,983.5504,2.2126,9.2427
-13.1866,984.4435,2.1948,9.2223
-13.8455,985.3671,2.1753,9.1876
-14.6467,986.5448,2.1481,9.1013
-15.2223,987.4341,2.1255,8.9759
-15.7925,988.3599,2.1001,8.8161
-16.3223,989.2687,2.0740,8.6450
-16.9458,990.4114,2.0406,8.4437
-17.4012,991.3086,2.0139,8.2286
-17.9223,992.4214,1.9842,8.0549
-18.4019,993.5227,1.9599,7.8171
-18.8452,994.6184,1.9407,7.6349
-19.2487,995.6699,1.9256,7.4146
-19.7489,997.0316,1.9099,7.2117
-20.0901,998.0029,1.9090,7.1656
-20.4442,999.0159,1.9090,7.1205
-20.7951,1000.0171,1.9090,7.0686
-21.1512,1001.0295,1.9089,7.0231
-21.5044,1002.0376,1.9089,6.9672
-21.8469,1003.0142,1.9092,6.9079
-22.1942,1004.0033,1.9088,6.8517
-22.5391,1004.9789,1.8950,6.7823
-22.8611,1005.9509,1.8815,6.7263
-23.2214,1007.0934,1.8813,6.6574
-23.5839,1008.2227,1.8773,6.5970
-23.9333,1009.3391,1.8461,6.5176
-24.2384,1010.4606,1.8154,6.4529
-24.5101,1011.5938,1.7548,6.3608
-24.6954,1012.7004,1.6841,6.2971
-24.7997,1013.8055,1.6548,6.2342
-24.8868,1014.9044,1.6536,6.1725
-24.9781,1016.0006,1.6536,6.0795
-25.0663,1017.0770,1.6534,6.2058
-25.1611,1018.2328,1.6487,6.6530
-25.2499,1019.4032,1.6139,6.5591
-25.2876,1020.5613,1.5442,6.4575
-25.2334,1021.6982,1.4891,6.4055
-25.1249,1022.8282,1.4752,6.3365
-25.0173,1023.9462,1.4499,6.2578
-24.8771,1025.0404,1.3989,6.1804
-24.6685,1026.1348,1.3774,6.1152
-24.4571,1027.1971,1.3668,6.0431
-24.2403,1028.2291,1.3419,5.9773
-23.9955,1029.2457,1.3399,5.8936
-23.7583,1030.2592,1.3353,5.8043
-23.5114,1031.2751,1.3040,5.7155
-23.2313,1032.2537,1.2507,5.6360
-22.8919,1033.2153,1.2269,5.5527
-22.5485,1034.1619,1.2261,5.4545
-22.1694,1035.2188,1.2255,5.3454
-21.7932,1036.2554,1.2033,5.2288
-21.3894,1037.2712,1.1987,5.1273
-20.9942,1038.2854,1.1955,5.0222
-20.6040,1039.2618,1.1619,4.9090
-20.1862,1040.1726,1.1247,4.8306
-19.7210,1041.1249,1.1212,5.3690
-19.2816,1042.0380,1.1209,5.9648
-18.7857,1043.0615,1.1207,6.5815
-18.3356,1043.9919,1.1086,6.9727
-17.8728,1044.9110,1.1021,6.9248
-17.3962,1045.8436,1.1022,6.8726
-16.9090,1046.8064,1.1019,7.3101
-16.3947,1047.8202,1.1018,7.5585
-15.8849,1048.8225,1.1020,7.4953
-15.3778,1049.8190,1.1018,7.4441
-14.8620,1050.8354,1.1018,7.3810
-14.3650,1051.8118,1.1020,7.3267
-13.8612,1052.8035,1.1021,7.2667
-13.3653,1053.7832,1.0917,7.1964
-12.8683,1054.7322,1.0745,7.1382
-12.3619,1055.6547,1.0739,7.0841
-11.8508,1056.5962,1.0739,7.0207
-11.3467,1057.5271,1.0737,6.9547
-10.8470,1058.4481,1.0735,6.8962
-10.3534,1059.3583,1.0601,6.8146
-9.8458,1060.2570,1.0464,6.7529
-9.3358,1061.1292,1.0464,6.6858
-8.8296,1062.0051,1.0464,6.8462
-8.2839,1062.9497,1.0464,7.3756
-7.7117,1063.9391,1.0466,7.9130
-7.1147,1064.9712,1.0440,7.9356
-6.5142,1066.0045,1.0166,7.8460
-5.8853,1067.0066,0.9879,7.7891
-5.2323,1067.9800,0.9862,7.7278
-4.5943,1068.9419,0.9863,7.6822
-3.9536,1069.9115,0.9863,7.6324
-3.3078,1070.8867,0.9863,7.5814
-2.6691,1071.8517,0.9868,7.5341
-2.0572,1072.7756,0.9971,7.4726
-1.4406,1073.7332,0.9973,7.4262
-0.8100,1074.7080,1.0015,7.3704
-0.2042,1075.6536,1.0196,7.3050
0.3742,1076.6034,1.0210,7.2590
0.9453,1077.5359,1.0213,7.2050
1.5186,1078.4668,1.0390,7.1369
2.0667,1079.4062,1.0433,7.0880
2.6034,1080.3303,1.0433,7.0331
3.1465,1081.2600,1.0433,6.9845
3.6824,1082.1787,1.0437,6.9277
4.2134,1083.0908,1.0533,6.8661
4.7305,1084.0037,1.0536,6.8202
5.2280,1084.8770,1.0535,6.7682
5.7392,1085.7743,1.0535,6.7240
6.2453,1086.6621,1.0535,6.6736
6.8357,1087.6984,1.0535,6.6162
7.4267,1088.7355,1.0535,6.5583
8.0129,1089.7644,1.0535,6.5009
8.5917,1090.7805,1.0535,6.4434
9.1592,1091.7765,1.0535,6.3859
9.7323,1092.7828,1.0535,6.3242
10.2905,1093.7628,1.0535,6.2455
10.8466,1094.7389,1.0535,6.1505
11.3965,1095.7045,1.0535,6.0545
11.9298,1096.6411,1.0536,5.9582
12.4600,1097.5724,1.0536,5.8649
12.9617,1098.4532,1.0535,5.0923
13.4881,1099.3728,1.0535,2.1068
